id,created_at,text
1196791181163847682,2019-11-19 14:03:47,b'NASDAQ UP 27% THIS YEAR ALONE!'
1196658170984357888,2019-11-19 05:15:15,"b'Nancy Pelosi just stated that \xe2\x80\x9cit is dangerous to let the voters decide Trump\xe2\x80\x99s fate.\xe2\x80\x9d @FoxNews  In other words, sh\xe2\x80\xa6 https://t.co/VCbR81xgCh'"
1196634663743361025,2019-11-19 03:41:50,b'The Do Nothing Democrats have disgraced our great Country! https://t.co/lcSs55Wo18'
1196633453716033536,2019-11-19 03:37:02,"b'RT @Jim_Jordan: In the 55 days that aid to Ukraine was delayed, President Zelensky had 5 calls and meetings with high-ranking American offi\xe2\x80\xa6'"
1196632917516193792,2019-11-19 03:34:54,"b""RT @MarkMeadows: So much of the Democrats' impeachment effort has revolved around unelected bureaucrats airing their policy grievances with\xe2\x80\xa6"""
1196632739266596865,2019-11-19 03:34:12,"b'At my meeting with Jay Powell this morning, I protested fact that our Fed Rate is set too high relative to the inte\xe2\x80\xa6 https://t.co/Rot4eN2onP'"
1196577458583195651,2019-11-18 23:54:32,b'Mark Levin speaking one week after I took office. This was always a planned COUP and the Radical Left Democrats wil\xe2\x80\xa6 https://t.co/LYcERRm8yS'
1196540711086243841,2019-11-18 21:28:30,b'GREAT NEWS! #MAGA #KAG https://t.co/GXDE2IlGGu'
1196532586853650434,2019-11-18 20:56:13,b'THANK YOU! #MAGA #KAG https://t.co/igO1r1cTHS'
1196514729767899137,2019-11-18 19:45:16,b'https://t.co/BKo27n6tmz'
1196459630060359686,2019-11-18 16:06:19,b'\xe2\x80\x9cCongressman Van Drew (D-NJ) SLAMS Democrats for \xe2\x80\x98fracturing the Nation\xe2\x80\x99 with Impeachment probe. \xe2\x80\x98We already know h\xe2\x80\xa6 https://t.co/O8HA366ITq'
1196458467982270464,2019-11-18 16:01:42,b'Just finished a very good &amp; cordial meeting at the White House with Jay Powell of the Federal Reserve. Everything w\xe2\x80\xa6 https://t.co/tHedonx5Lt'
1196425928768929792,2019-11-18 13:52:24,b'....that I testify about the phony Impeachment Witch Hunt. She also said I could do it in writing. Even though I di\xe2\x80\xa6 https://t.co/ImLbzO2sz1'
1196425921802178560,2019-11-18 13:52:22,"b'Our Crazy, Do Nothing (where\xe2\x80\x99s USMCA, infrastructure, lower drug pricing &amp; much more?) Speaker of the House, Nervou\xe2\x80\xa6 https://t.co/WFQVQ4Frk9'"
1196405099741896705,2019-11-18 12:29:38,b'Never has the Republican Party been so united as it is now. 95% A.R. This is a great fraud being played out against\xe2\x80\xa6 https://t.co/KMD9WrN098'
1196401321387216901,2019-11-18 12:14:37,b'RT @SteveScalise: Schiff controls who testifies.\n\nSchiff controls how Republicans use our question time.\n\nSchiff controls what gets release\xe2\x80\xa6'
1196286528546332672,2019-11-18 04:38:28,b'https://t.co/Mqj5tXaDAz'
1196271720392511489,2019-11-18 03:39:38,b'\xe2\x80\x9cAll they do is bring up witnesses who didn\xe2\x80\x99t witness anything.\xe2\x80\x9d @KatrinaPierson @SteveHiltonx  Nothing matters exc\xe2\x80\xa6 https://t.co/mOVG17IFDL'
1196256729471827968,2019-11-18 02:40:04,b'\xe2\x80\x9cThe Impeachment started before he even became President.\xe2\x80\x9d @greggutfeld  @FoxNews'
1196200775560634368,2019-11-17 22:57:43,b'https://t.co/1Rg66Tn4uP'
1196199239715639302,2019-11-17 22:51:37,b'https://t.co/D66PEkuX6d'
1196159184431177729,2019-11-17 20:12:27,b'Where is the Fake Whistleblower?'
1196158655202299904,2019-11-17 20:10:21,b'https://t.co/ru2n7i2gzu'
1196158097628303361,2019-11-17 20:08:08,"b'Republicans &amp; others must remember, the Ukrainian President and Foreign Minister both said that there was no pressu\xe2\x80\xa6 https://t.co/mFL4wwDR8b'"
1196156991682568193,2019-11-17 20:03:44,"b'The Crazed, Do Nothing Democrats are turning Impeachment into a routine partisan weapon. That is very bad for our C\xe2\x80\xa6 https://t.co/8imWgyrBin'"
1196155347117002752,2019-11-17 19:57:12,"b'Tell Jennifer Williams, whoever that is, to read BOTH transcripts of the presidential calls, &amp; see the just release\xe2\x80\xa6 https://t.co/z5Iwr6LSOp'"
1196155049795297282,2019-11-17 19:56:02,b'https://t.co/I3lO117SVh'
1196153477099085824,2019-11-17 19:49:47,b'Paul Krugman of @nytimes has been wrong about me from the very beginning. Anyone who has followed his \xe2\x80\x9cwords of wis\xe2\x80\xa6 https://t.co/vLB1qdYWz6'
1196152913174958080,2019-11-17 19:47:32,b'Schiff is a Corrupt Politician! https://t.co/DDBqlfIFLV'
1196148537525977088,2019-11-17 19:30:09,"b'.@SteveScalise blew the nasty &amp; obnoxious Chris Wallace (will never be his father, Mike!) away on Chris\xe2\x80\x99s lowest ra\xe2\x80\xa6 https://t.co/kIXKIiCBQd'"
1196134600227078144,2019-11-17 18:34:46,b'Thanks Eric! https://t.co/6Ai7bqto3P'
1196134448183566338,2019-11-17 18:34:10,b'RT @EricTrump: I hope no one who serves our country and volunteers to do the unthinkable is  ever treated like this again! Great job @realD\xe2\x80\xa6'
1196134298325266437,2019-11-17 18:33:34,b'RT @EricTrump: Trump Washington D.C! @TrumpDC https://t.co/83Gu07l2cP'
1196128613453701120,2019-11-17 18:10:59,b'https://t.co/nJBvFD1fGD'
1196128448605032450,2019-11-17 18:10:19,b'https://t.co/N6jsblFuMc'
1196124392146776065,2019-11-17 17:54:12,b'https://t.co/8bPq1Oy71z'
1196121686728466434,2019-11-17 17:43:27,b'Paul Krugman has called me wrong from day one. People at the Failing New York Times are very angry at him for havin\xe2\x80\xa6 https://t.co/qmCAmTpOko'
1196119060532125696,2019-11-17 17:33:01,b'https://t.co/Ypzhrlpgkz'
1196118324066824194,2019-11-17 17:30:05,b'RT @HouseGOP: Adam Schiff\xe2\x80\x99s track record:\n\xe2\x9c\x94\xef\xb8\x8f Spread false allegations about collusion\n\xe2\x9c\x94\xef\xb8\x8f Fabricated a call transcript during a congressiona\xe2\x80\xa6'
1196118293721100290,2019-11-17 17:29:58,b'https://t.co/Ks1BN41CGf'
1196118004511186951,2019-11-17 17:28:49,b'RT @GOPLeader: This. This is the impeachment that Democrats have spent the last three years working on. \xe2\x86\x93\n \nHours of hearsay from handpicke\xe2\x80\xa6'
1196117502302081027,2019-11-17 17:26:49,b'https://t.co/YvlBpfsiTa'
1196117334844411905,2019-11-17 17:26:10,b'https://t.co/z0I7wBsgTP'
1196117241546317825,2019-11-17 17:25:47,b'RT @RepDanCrenshaw: Coming soon...\n\nA new #HeresTheTruth with @RepGregWalden debunking Pelosi\xe2\x80\x99s drug pricing scheme. https://t.co/u9a8YBmb6o'
1196113968445739009,2019-11-17 17:12:47,b'RT @realDonaldTrump: https://t.co/5Tbgwkpv4p'
1196113962187853824,2019-11-17 17:12:45,b'RT @realDonaldTrump: https://t.co/65ERQ7YfUS'
1196113950917758978,2019-11-17 17:12:43,b'RT @realDonaldTrump: https://t.co/YqJrGDPAOj'
1196113831283613696,2019-11-17 17:12:14,"b'I agree Katrina, Pam Bondi is a great woman! https://t.co/NllcAz0bWB'"
1196111016515510274,2019-11-17 17:01:03,"b""RT @GOPoversight: \xf0\x9f\x93\xbaWATCH: Schiff's #impeachment sham is at it again. This time, he refuses to let @EliseStefanik speak (again). \n\nThis circ\xe2\x80\xa6"""
1196109916769005569,2019-11-17 16:56:41,b'The Do Nothing Dems are now doing even less - and soooo much work to be done!'
1196108650584125441,2019-11-17 16:51:39,"b'Joe Ricketts, one of our Country\xe2\x80\x99s most successful businessmen, including being the owner of the Chicago Cubs, has\xe2\x80\xa6 https://t.co/AZU3tnBHvm'"
1196105359355711488,2019-11-17 16:38:34,b'A BIG difference! https://t.co/DFjge9s7fO'
1196097712925691906,2019-11-17 16:08:11,"b'Our great Farmers will recieve another major round of \xe2\x80\x9ccash,\xe2\x80\x9d compliments of China Tariffs, prior to Thanksgiving.\xe2\x80\xa6 https://t.co/whkNS2TsLY'"
1196081088260722688,2019-11-17 15:02:08,"b'.@MariaBartiromo has a GREAT show going on right now, 10:00 A.M. Fantastic guests talk about the Fake Impeachment!  @FoxNews'"
1196080086686011398,2019-11-17 14:58:09,"b'Mr. Chairman, Joe Biden may be Sleepy and Very Slow, but he is not a \xe2\x80\x9crabid dog.\xe2\x80\x9d He is actually somewhat better th\xe2\x80\xa6 https://t.co/0nVPyEFfgf'"
1196067863070674947,2019-11-17 14:09:35,"b'Dowd never understood the pulse of the Republican Party, present or past. He\xe2\x80\x99s just a 3rd rate hit job for Fake New\xe2\x80\xa6 https://t.co/OemGtFOWid'"
1196063538986602496,2019-11-17 13:52:24,b'RT @EliseStefanik: How many times can Adam Schiff say \xe2\x80\x9cthe Gentlewoman is NOT recognized\xe2\x80\x9d? He clearly has NO interest in letting Republican\xe2\x80\xa6'
1196063349844430849,2019-11-17 13:51:39,b'A new Republican Star is born. Great going @EliseStefanik! https://t.co/9QH4oUa2eg'
1196062362731732992,2019-11-17 13:47:43,"b'RT @Liz_Wheeler: ""Do you have any info regarding the POTUS accepting any bribes?\n\nYovanovich: ""No.""\n\n""Do you have any info regarding any cr\xe2\x80\xa6'"
1196062220968443906,2019-11-17 13:47:09,b'RT @GOPoversight: .@EliseStefanik is on \xf0\x9f\x94\xa5\n\n@RepAdamSchiff can do nothing but watch his #impeachment sham crumble. https://t.co/SeOfq3dB5c'
1196061212833923072,2019-11-17 13:43:09,b'Thank you Pete. Our great warfighters must be allowed to fight. I would not have done this for Sgt. Bergdahl or Che\xe2\x80\xa6 https://t.co/bfn9C8I7WH'
1196056274091290624,2019-11-17 13:23:32,"b'RT @WhiteHouse: Ever since President @realDonaldTrump took action in the face of Congress\xe2\x80\x99 neglect, border apprehensions have plummeted by\xe2\x80\xa6'"
1196049133863354368,2019-11-17 12:55:09,"b'RT @RepLeeZeldin: Just finished the depo of OMB staffer, Mark Sandy, in Schiff\xe2\x80\x99s Capitol basement bunker. He came in to testify about why t\xe2\x80\xa6'"
1195931893998456832,2019-11-17 05:09:17,b'Visited a great family of a young man under major surgery at the amazing Walter Reed Medical Center. Those are trul\xe2\x80\xa6 https://t.co/LBL2DrBpCg'
1195902274922569728,2019-11-17 03:11:35,b'https://t.co/5Tbgwkpv4p'
1195890160006782976,2019-11-17 02:23:27,b'https://t.co/65ERQ7YfUS'
1195889880540336128,2019-11-17 02:22:20,b'https://t.co/YqJrGDPAOj'
1195870796352278532,2019-11-17 01:06:30,b'RT @realDonaldTrump: #NewHoaxSameSwamp https://t.co/GIg9R9Txe0'
1195775733932707840,2019-11-16 18:48:46,b'True! https://t.co/ySWZMUnQfd'
1195775199922327553,2019-11-16 18:46:38,b'RT @LouDobbs: No Quid without a Quo: @KimStrassel on President @realDonaldTrump\xe2\x80\x99s vindication after Morrison\xe2\x80\x99s testimony. #AmericaFirst #MA\xe2\x80\xa6'
1195774695922110465,2019-11-16 18:44:38,"b'RT @KimStrassel: Impeachment is meant to be a big deal, but Democrats and the media have accomplished the disturbing feat of turning it int\xe2\x80\xa6'"
1195774605010636801,2019-11-16 18:44:16,b'Congratulations Kimberley. Great book! https://t.co/IFlMf1qIrb'
1195774268988153859,2019-11-16 18:42:56,b'RT @AriFleischer: The most important part of today\xe2\x80\x99s hearing was Amb. Yovanovitch\xe2\x80\x99s statement that she has no evidence that Trump received\xe2\x80\xa6'
1195774121734557699,2019-11-16 18:42:21,b'RT @AriFleischer: The Qs the press asked Schiff at his post-hearing news conference were friendly.  The Qs the press asked to the Republica\xe2\x80\xa6'
1195773349873569795,2019-11-16 18:39:17,"b'RT @realDonaldTrump: LOUISIANA, VOTE @EddieRispone TODAY! He will be a great governor!'"
1195773067261292547,2019-11-16 18:38:10,"b'\xe2\x80\x9cI mean, come on. The Democrats are doing focus groups to try and figure out what words to use to move the needle.\xe2\x80\xa6 https://t.co/TiN02s4ykR'"
1195762921470607361,2019-11-16 17:57:51,"b'\xe2\x80\x9cTriggered,\xe2\x80\x9d a great book by my son, Don. Now number one on @NYTIMES LIST. Keep it there for a while!'"
1195730541745770496,2019-11-16 15:49:11,b'RT @realDonaldTrump: Good morning Louisiana! Polls are open at 7AM. Get out and VOTE for @EddieRispone to be your next Gov! He will get you\xe2\x80\xa6'
1195727879780360193,2019-11-16 15:38:36,"b'....and Taylor, dismissing everybody involved from the Obama holdover days trying to undermine Trump, getting rid o\xe2\x80\xa6 https://t.co/OI3LdIebvr'"
1195727871765073921,2019-11-16 15:38:34,"b'\xe2\x80\x9cMy support for Donald Trump has never been greater than it is right now. It is paramountly obvious watching this,\xe2\x80\xa6 https://t.co/ds5t4N9fwp'"
1195722806274736129,2019-11-16 15:18:27,"b'Dow hits 28,000 - FIRST TIME EVER, HIGHEST EVER! Gee, Pelosi &amp; Schitt have a good idea, \xe2\x80\x9clets Impeach the President\xe2\x80\xa6 https://t.co/x8fuxDPsDd'"
1195702155061149696,2019-11-16 13:56:23,"b'RT @DanScavino: \xe2\x80\x9cArmy 1st Lt. Clint Lorance, one of two U.S. Army officers granted clemency Friday by POTUS Trump, was released from prison\xe2\x80\xa6'"
1195700944845049857,2019-11-16 13:51:34,"b'LOUISIANA, VOTE @EddieRispone TODAY! He will be a great governor!'"
1195690037461094407,2019-11-16 13:08:14,b'Good morning Louisiana! Polls are open at 7AM. Get out and VOTE for @EddieRispone to be your next Gov! He will get\xe2\x80\xa6 https://t.co/MVmnupg5CY'
1195582934578798593,2019-11-16 06:02:39,"b'RT @thehill: AG Bill Barr: ""Immediately after President Trump won election, opponents inaugurated what they call \'The Resistance\' and they\xe2\x80\xa6'"
1195582806212186112,2019-11-16 06:02:08,b'RT @marklevinshow: Attorney General Bill Barr slams the constant efforts to undermine the president in a speech to the Federalist Society\xe2\x80\xa6'
1195531896433848320,2019-11-16 02:39:50,b'#NewHoaxSameSwamp https://t.co/GIg9R9Txe0'
1195500061721026560,2019-11-16 00:33:20,b'https://t.co/YvlBpfsiTa'
1195495876631957504,2019-11-16 00:16:42,b'THANK YOU! #MAGA #KAG https://t.co/Pcq7IbehVp'
1195464209594830854,2019-11-15 22:10:52,b'https://t.co/8h6ZmdGlPf https://t.co/shaijXMXli'
1195441584210350081,2019-11-15 20:40:58,"b'RT @RepLeeZeldin: History is going to be so MASSIVELY unkind towards Pelosi, Schiff and the rest of Congressional Democrats who continue su\xe2\x80\xa6'"
1195441353154584576,2019-11-15 20:40:03,"b'RT @RepMarkMeadows: The Democrats second day impeachment witness, Ambassador Yovanovitch, has no information on any of the relevant questio\xe2\x80\xa6'"
1195441256446537729,2019-11-15 20:39:40,b'RT @EliseStefanik: Obama\xe2\x80\x99s own State Dept. was so concerned about conflicts of interest from Hunter Biden\xe2\x80\x99s role at Burisma that they raise\xe2\x80\xa6'
1195441093350973440,2019-11-15 20:39:01,"b'RT @EliseStefanik: The facts are clear, confirmed by our witness, Ambassador Yovanovitch: defensive lethal aid was provided to Ukraine not\xe2\x80\xa6'"
1195438100870250496,2019-11-15 20:27:08,"b""RT @SteveScalise: The Dems' star witness was just asked on record if she had any information regarding @realDonaldTrump accepting any bribe\xe2\x80\xa6"""
1195438012018155520,2019-11-15 20:26:46,"b'RT @GOPLeader: Before Chairman Adam Schiff gets a chance to make up another phone call between Presidents Trump and Zelensky, @DevinNunes j\xe2\x80\xa6'"
1195437911589707776,2019-11-15 20:26:22,b'RT @Jim_Jordan: https://t.co/gjRFvN02xO'
1195437692462481408,2019-11-15 20:25:30,b'RT @DanScavino: \xe2\x80\x9cUkrainian FM Vadym Prystaiko said on Thur that the U.S. Amb did not link financial military assistance to a request for Uk\xe2\x80\xa6'
1195420664007712769,2019-11-15 19:17:50,"b'RT @Jim_Jordan: We now have both the April and July calls between President Trump and President Zelensky. Once again, no linkage of any kin\xe2\x80\xa6'"
1195420321802858497,2019-11-15 19:16:29,"b'RT @RepMarkMeadows: Bravo from @RepChrisStewart, who just summarized this whole hearing:\n\nQ: ""Do you have any information regarding POTUS a\xe2\x80\xa6'"
1195420210771251207,2019-11-15 19:16:02,"b'RT @Rep_Watkins: Democrats didn\xe2\x80\x99t like the outcome of the 2016 election, so now they\xe2\x80\x99re trying to impeach @realDonaldTrump \n\n#KS02 #ksleg h\xe2\x80\xa6'"
1195420149505019904,2019-11-15 19:15:48,"b'RT @GOPLeader: .@RepStefanik: ""I just want to get it on record. In terms of defensive lethal aid, which you were an advocate for, that was\xe2\x80\xa6'"
1195420025471016960,2019-11-15 19:15:18,b'RT @RepAndyBiggsAZ: .@RepDevinNunes is exactly right: former Ambassador Yovanovitch should not be a witness at an impeachment hearing where\xe2\x80\xa6'
1195419889198088193,2019-11-15 19:14:46,b'RT @HouseGOP: Why is Chairman Schiff afraid of @RepStefanik?\n\nWhy doesn\xe2\x80\x99t he want Republican members to ask questions?\n\nWhy is he conductin\xe2\x80\xa6'
1195419861222088709,2019-11-15 19:14:39,b'RT @CongressmanHice: Quick reminder \xe2\x86\x92 Ambassador Marie Yovanovitch is yet another person who wasn\xe2\x80\x99t present on the July 25th call \xe2\x80\x93 and tha\xe2\x80\xa6'
1195419822710042626,2019-11-15 19:14:30,"b'RT @RepMarkMeadows: One thing to note:\n\nNotice how, so far, the Democrats have been peppering the witness with questions asking her to spec\xe2\x80\xa6'"
1195419800320856066,2019-11-15 19:14:24,"b""RT @RepDLamborn: This witness has absolutely no relevant information. She can't bring any first-hand knowledge of the events and was recall\xe2\x80\xa6"""
1195419781110915072,2019-11-15 19:14:20,"b'RT @RepSmucker: No matter how hard the media and the Democrats try to spin the hearings, these are the facts... #ImpeachingHearings #FactsM\xe2\x80\xa6'"
1195389486659776512,2019-11-15 17:13:57,b'....A double standard like never seen before in the history of our Country?'
1195389483664990208,2019-11-15 17:13:56,"b'So they now convict Roger Stone of lying and want to jail him for many years to come. Well, what about Crooked Hill\xe2\x80\xa6 https://t.co/JAMq1fjRVz'"
1195379578358960128,2019-11-15 16:34:35,"b'Stock Market up big. New and Historic Record. Job, jobs, jobs!'"
1195376390054580225,2019-11-15 16:21:55,b'We have vacancies in various departments because we do not want or need as many people as past administrations (and\xe2\x80\xa6 https://t.co/GsZxGrOGUP'
1195363904920182786,2019-11-15 15:32:18,b'https://t.co/qz1OfL56rg'
1195363894669258752,2019-11-15 15:32:15,b'https://t.co/86HWwzDlEo'
1195363882489065474,2019-11-15 15:32:13,b'https://t.co/ObHvebm4ry'
1195362752140914689,2019-11-15 15:27:43,b'https://t.co/XE7ofTy7Sf'
1195360319926939648,2019-11-15 15:18:03,b'https://t.co/0zTfpzHCNK'
1195360243708047366,2019-11-15 15:17:45,"b'Another Record Stock Market, 21 times this year, despite an ongoing, &amp; totally unfounded, Witch Hunt, &amp; a Democrat\xe2\x80\xa6 https://t.co/gRAV8W5o7k'"
1195356211937468417,2019-11-15 15:01:44,b'....They call it \xe2\x80\x9cserving at the pleasure of the President.\xe2\x80\x9d The U.S. now has a very strong and powerful foreign po\xe2\x80\xa6 https://t.co/D0ywsWUjAw'
1195356198347956224,2019-11-15 15:01:40,"b'Everywhere Marie Yovanovitch went turned bad. She started off in Somalia, how did that go? Then fast forward to Ukr\xe2\x80\xa6 https://t.co/N6KQO9jBWS'"
1195337873882583042,2019-11-15 13:48:52,"b'......filth pouring into the Pacific Ocean is rapidly becoming an environmental hazard, is getting NOTHING DONE. Sh\xe2\x80\xa6 https://t.co/ZMRViDxg4B'"
1195337867989573632,2019-11-15 13:48:50,b'The Impeachment Witch Hunt should be over with the statement made last night by the President and Foreign Minister\xe2\x80\xa6 https://t.co/sbNUyq1ghc'
1195202838361624577,2019-11-15 04:52:17,"b'....Ambassador Sondland did not tell us, and certainly did not tell me, about a connection between the assistance a\xe2\x80\xa6 https://t.co/y4aLvLfaXN'"
1195202834645405698,2019-11-15 04:52:16,b'Democrats must apologize to USA: Ukrainian Foreign Minister Vadym Prystaiko said that \xe2\x80\x9cUnited States Ambassador Gor\xe2\x80\xa6 https://t.co/Y7eTx5RCfK'
1195187992270270464,2019-11-15 03:53:17,"b'This Saturday, the eyes of history are looking at the people of Louisiana. If you want to defend your values, your\xe2\x80\xa6 https://t.co/iArddZXufJ'"
1195173163178627077,2019-11-15 02:54:22,b'RT @DanScavino: https://t.co/tckvBQclps https://t.co/WKwdBxOkSb'
1195173024867258369,2019-11-15 02:53:49,"b'RT @RepDougCollins: Great news for @GAPoultryFed, @chickencouncil, and poultry farmers across the country! Thank you @realDonaldTrump, @Sec\xe2\x80\xa6'"
1195172727403032577,2019-11-15 02:52:38,"b'RT @Jim_Jordan: TODAY the Ukrainian Foreign Minister, Vadym Prystaiko, verified what we already knew:\n\n\xe2\x80\x9cI have never seen a direct relation\xe2\x80\xa6'"
1195172378055184384,2019-11-15 02:51:14,b'RT @Jim_Jordan: Calls &amp; meetings:\n\n7/25\xe2\x80\x94Call between @POTUS and Zelensky\n7/26\xe2\x80\x94Volker &amp; Taylor meet Zelensky\n8/27\xe2\x80\x94John Bolton meets Zelensky\xe2\x80\xa6'
1195172296232722432,2019-11-15 02:50:55,"b""RT @Scavino45: \xe2\x80\x9cAdam Schiff is wasting the nation's time with impeachment hearings\xe2\x80\x9d https://t.co/DsPD85HNtg"""
1195136338510499840,2019-11-15 00:28:02,b'Getting ready to land in Louisiana to do Rally with Great Republican @EddieRispone for Governor. He will get your t\xe2\x80\xa6 https://t.co/WRsx8GlSdP'
1195122975713812481,2019-11-14 23:34:56,"b'....We send our deepest condolences to the families and friends of those tragically lost, and we pray for the speed\xe2\x80\xa6 https://t.co/V4d7dDn6HG'"
1195122972098359297,2019-11-14 23:34:55,"b'We continue to monitor the terrible events at Saugus High School in Santa Clarita, California through our ongoing c\xe2\x80\xa6 https://t.co/EfzRdbOvkn'"
1195003306558607360,2019-11-14 15:39:25,b'Where\xe2\x80\x99s the Fake Whistleblower?'
1195000551500632065,2019-11-14 15:28:28,"b'....that the House Democrats have done since she\xe2\x80\x99s become Speaker, other than chase Donald Trump.\xe2\x80\x9d This Impeachment\xe2\x80\xa6 https://t.co/p80sbKJ6ci'"
1195000511625355265,2019-11-14 15:28:18,"b'....anywhere, so we\xe2\x80\x99ve now had 3 years of the Democrats chasing Donald Trump. Nancy Pelosi\xe2\x80\x99s worried about the Amer\xe2\x80\xa6 https://t.co/IsUpM0bVsw'"
1195000499080175623,2019-11-14 15:28:15,b'.@DanHenninger  WSJ: Nancy Pelosi had it right the first time when she did not want to go down the Impeachment path\xe2\x80\xa6 https://t.co/uI64avtp3L'
1194990643338268672,2019-11-14 14:49:05,b'\xe2\x80\x9cThat hearing was about a policy dispute.\xe2\x80\x9d Robert Ray. \xe2\x80\x9cRegular people watching this cannot conclude that the Presi\xe2\x80\xa6 https://t.co/2AI80BU3m8'
1194987817077805061,2019-11-14 14:37:52,b'\xe2\x80\x9cNeither one of the Democrat star witnesses at the Impeachment hearings could point out an impeachable offense. Tha\xe2\x80\xa6 https://t.co/jyyKeUkl4b'
1194986487588311040,2019-11-14 14:32:35,b'Walmart announces great numbers. No impact from Tariffs (which are contributing $Billions to our Treasury). Inflati\xe2\x80\xa6 https://t.co/QreDGszf2V'
1194974293911887873,2019-11-14 13:44:07,"b'Hit New Stock Market record again yesterday, the 20th time this year, with GREAT potential for the future. USA is w\xe2\x80\xa6 https://t.co/kidaZkYMUK'"
1194946652223746048,2019-11-14 11:54:17,"b'.@RepRatcliffe asked the two \xe2\x80\x9cstar\xe2\x80\x9d witnesses, \xe2\x80\x9cwhere is the impeachable event in that call?\xe2\x80\x9d Both stared straight\xe2\x80\xa6 https://t.co/PGv9NDBf6W'"
1194943359456026624,2019-11-14 11:41:12,b'RT @RepMarkMeadows: Brilliant job by my colleagues today on the Intel Committee. They clearly highlighted the gaping holes in the Democrats\xe2\x80\xa6'
1194943261699399680,2019-11-14 11:40:49,b'RT @RepDougCollins: A live look into Ambassador Taylor\xe2\x80\x99s testimony in the Schiff impeachment proceedings \xe2\x86\x92 https://t.co/oiiUgkc8UG'
1194941320525221889,2019-11-14 11:33:06,"b""RT @TeamTrump: President @realDonaldTrump: They\xe2\x80\x99re using television lawyers. I\xe2\x80\x99m not surprised to see it, Schiff can't ask his own question\xe2\x80\xa6"""
1194940488043974656,2019-11-14 11:29:47,b'RT @WhiteHouse: President @realDonaldTrump gave an update on relations with Turkey at the top of his meeting with President Erdogan. https:\xe2\x80\xa6'
1194940222712225793,2019-11-14 11:28:44,"b'RT @TeamTrump: President @realDonaldTrump on the Democrat\'s hearing while he was meeting with the leader of Turkey: ""I would much rather fo\xe2\x80\xa6'"
1194940003496972288,2019-11-14 11:27:52,b'RT @JesseBWatters: This was a hearsay hearing. These witnesses have never met President @realdonaldtrump and they were not on the call. #Fo\xe2\x80\xa6'
1194939947029008385,2019-11-14 11:27:38,"b""RT @WhiteHouse: President @realDonaldTrump on today's sham hearing: https://t.co/AqaO0JNbCI"""
1194939764329402368,2019-11-14 11:26:55,"b'RT @JesseBWatters: IF The Ukrainian President was bribed by President @realdonaldtrump, He didn\xe2\x80\x99t know he was being bribed, he didn\xe2\x80\x99t say h\xe2\x80\xa6'"
1194939364842889217,2019-11-14 11:25:20,b'RT @WhiteHouse: If House Democrats were as committed to helping Americans succeed under President @realDonaldTrump as they are to tearing h\xe2\x80\xa6'
1194824072011698176,2019-11-14 03:47:12,"b'Wow! Was just told that my son\xe2\x80\x99s book, \xe2\x80\x9cTriggered,\xe2\x80\x9d is Number One on The New York Times Bestseller List. Congratulations Don!'"
1194822034037051392,2019-11-14 03:39:06,b'RT @Scavino45: After the call - Ambassador Taylor met with Ukrainian President Volodymyr Zelensky the VERY NEXT DAY!\n\nPresident Zelensky sa\xe2\x80\xa6'
1194821973710426112,2019-11-14 03:38:51,b'RT @Jim_Jordan: Mr. Kent affirmed Ukraine has a long-standing history of corruption. \n\nAnd President Trump was deeply skeptical of this cor\xe2\x80\xa6'
1194821905431384065,2019-11-14 03:38:35,b'RT @Jim_Jordan: https://t.co/zODJMgmP5F'
1194821812884049920,2019-11-14 03:38:13,b'RT @Scavino45: Moments ago.... https://t.co/XI41TPSHEp https://t.co/u5xlrDRx8p'
1194821739932528640,2019-11-14 03:37:56,b'RT @Scavino45: https://t.co/QqoztunZQk'
1194821685943427077,2019-11-14 03:37:43,b'RT @Scavino45: #ImpeachmentSHAM #SchiffShow https://t.co/DrR2s6vtRc'
1194821503772221440,2019-11-14 03:36:59,b'RT @Scavino45: WOW! SOOO SAD!! Shifty Schiff cuts off @EliseStefanik for wanting to enter the actual transcript of the July 25th call betwe\xe2\x80\xa6'
1194821464417017857,2019-11-14 03:36:50,"b'RT @Jim_Jordan: Aid was delayed by just 55 days.\n\nDuring that time, we verified that President Zelensky was the real deal. https://t.co/TWJ\xe2\x80\xa6'"
1194821277103656960,2019-11-14 03:36:05,b'RT @Scavino45: Great question by @RepRatcliffe. No answer given. #ImpeachmentSham https://t.co/OVMGQGfzwU'
1194821236074991617,2019-11-14 03:35:56,b'RT @Scavino45: .@RepChrisStewart: \n\n\xe2\x80\x9cWelcome to year 4 of the ongoing Impeachment of President @realDonaldTrump...If your Impeachment case\xe2\x80\xa6'
1194821183826518017,2019-11-14 03:35:43,b'RT @Scavino45: \xe2\x80\x9cWe\xe2\x80\x99ve got six people having four conversations in one sentence - and you just told me this is where you got your clear unde\xe2\x80\xa6'
1194821169611976704,2019-11-14 03:35:40,b'RT @Scavino45: \xe2\x80\x9cThis was an abject failure for the Democrats and for Adam Schiff.\xe2\x80\x9d @EliseStefanik https://t.co/LhIa0Q8Mb8'
1194820401035124738,2019-11-14 03:32:36,b'Thank you @FranklinGraham. It is a time of \xe2\x80\x9cshame\xe2\x80\x9d for our Country. The Democrats know what they are doing is wrong! https://t.co/O32ybh04vc'
1194722664834883585,2019-11-13 21:04:14,"b'RT @SteveScalise: ""What I can do here for you today is tell you what I heard from people.""\n\nThe Dems\' star witness just said he had no firs\xe2\x80\xa6'"
1194722633629220865,2019-11-13 21:04:07,b'RT @RepMarkMeadows: Listen to @Jim_Jordan review the unbelievable amount of hearsay these allegations are based on. Spread it far and wide.\xe2\x80\xa6'
1194722458886123521,2019-11-13 21:03:25,b'RT @GOPoversight: \xe2\x80\xa2 No first-hand knowledge.\n\xe2\x80\xa2 Never spoke to President Trump.\n\xe2\x80\xa2 Never spoke to Rudy Giuliani.\n\xe2\x80\xa2 Never spoke to Mick Mulvan\xe2\x80\xa6'
1194722412056760320,2019-11-13 21:03:14,b'RT @GOPoversight: Days since @RepAdamSchiff learned the identity of the whistleblower: 93 https://t.co/lXmokHZ227'
1194722394570670081,2019-11-13 21:03:10,b'RT @HouseGOP: It\xe2\x80\x99s NOT about the facts...\n\nIt\xe2\x80\x99s NOT about fairness...\n\nIt\xe2\x80\x99s NOT about finding the truth for the American people...\n\nFor Hou\xe2\x80\xa6'
1194693438471647235,2019-11-13 19:08:06,b'RT @GOPoversight: \xf0\x9f\x93\xba WATCH: Democrats ask star witness about alleged quid pro quo. \n\nStar witness admits he has no first-hand knowledge of t\xe2\x80\xa6'
1194693413242884096,2019-11-13 19:08:00,b'RT @Jim_Jordan: .@RepAdamSchiff is the ONLY member of Congress who knows the identity of the \xe2\x80\x9cWhistleblower\xe2\x80\x9d who started this entire sham.\xe2\x80\xa6'
1194693229054169088,2019-11-13 19:07:16,b'RT @RepMattGaetz: Their star witness knows nothing. \n\n#ImpeachmentHearings @Jim_Jordan https://t.co/djTTLkvNZo'
1194693177069985792,2019-11-13 19:07:04,"b""RT @GOPoversight: WATCH: @RepAdamSchiff changes the rules in the middle of his #impeachment hearing. \n\nWe're not surprised.\n\nSchiff's impea\xe2\x80\xa6"""
1194693141351272448,2019-11-13 19:06:55,"b'RT @RepKevinBrady: Under @HouseGOP Majority, the @WaysandMeansGOP hearing room was used to improve the lives of Americans with things like\xe2\x80\xa6'"
1194693012007329792,2019-11-13 19:06:25,"b'RT @RepArrington: Today, @HouseDemocrats hijacked our @WaysMeansCmte hearing room for their political impeachment circus.\n\nTheir obsession\xe2\x80\xa6'"
1194662286767665156,2019-11-13 17:04:19,"b""RT @SteveScalise: Schiff has emerged from his bunker to put on a public show. But the facts haven't changed.\n \n- @realDonaldTrump and Zelen\xe2\x80\xa6"""
1194662239955030016,2019-11-13 17:04:08,b'RT @SteveScalise: Meet the \xe2\x80\x9cstar witnesses\xe2\x80\x9d Adam Schiff called today:\n\n- Neither have any firsthand knowledge\n- Neither spoke to @realDonal\xe2\x80\xa6'
1194661877189623808,2019-11-13 17:02:41,"b'RT @TomFitton: If Schiff doesn\'t know who the ""whistleblower"" is -- how can he protect his identity.  Cover-up!'"
1194661357947408384,2019-11-13 17:00:38,"b'RT @RepLeeZeldin: Schiff isn\xe2\x80\x99t even trying to hide it. He is the prosecutor, judge, jury, witness coach &amp; lead story teller of this kangaro\xe2\x80\xa6'"
1194660759176990720,2019-11-13 16:58:15,"b'RT @WhiteHouse: ""They\'re trying to stop me, because I\'m fighting for you. And I\'ll never let that happen."" \xe2\x80\x94 President @realDonaldTrump htt\xe2\x80\xa6'"
1194658838315720705,2019-11-13 16:50:37,b'https://t.co/FJ8gMdh5bX'
1194655401054216192,2019-11-13 16:36:57,"b'RT @GOPLeader: .@Jim_Jordan to Chairman Schiff: ""Of the 435 members of Congress, you are the only Member who knows who the whistleblower is\xe2\x80\xa6'"
1194655366824497158,2019-11-13 16:36:49,"b'RT @GOPLeader: WATCH: \n\n@DevinNunes: ""After vowing publicly that impeachment requires bipartisan support, Democrats are pushing impeachment\xe2\x80\xa6'"
1194655326995435520,2019-11-13 16:36:40,"b""RT @HouseGOP: Adam Schiff just claimed he doesn't know the whistleblower's identity.\n\nHe deliberately mislead the public about his office's\xe2\x80\xa6"""
1194655303448645632,2019-11-13 16:36:34,b'RT @GOPoversight: FACT CHECK: Neither Ambassador Taylor nor George Kent have first-hand knowledge of a quid pro quo from the President. \n\nW\xe2\x80\xa6'
1194655275812302848,2019-11-13 16:36:28,"b'RT @RepMarkMeadows: Reminder: the Chairman was caught misleading a reporter about communication with the whistleblower, barely four weeks a\xe2\x80\xa6'"
1194655206388248577,2019-11-13 16:36:11,"b""RT @GOPLeader: This \xf0\x9f\x91\x8f is \xf0\x9f\x91\x8f a \xf0\x9f\x91\x8f sham \xf0\x9f\x91\x8f\n\xe2\x86\x92 Democrats are refusing access to important witnesses.\n\xe2\x86\x92 The President's legal counsel is not allowe\xe2\x80\xa6"""
1194655169423777797,2019-11-13 16:36:02,"b'RT @RepLizCheney: Just minutes after President Trump took his oath of office on Inauguration Day 2017, the Washington Post ran a piece ushe\xe2\x80\xa6'"
1194655138046238720,2019-11-13 16:35:55,"b'RT @RepJimBanks: Today, America will see one party try and overturn the constitutional election of a president of the United States of Amer\xe2\x80\xa6'"
1194655079342710789,2019-11-13 16:35:41,b'RT @RepMarkMeadows: 4 inconvenient facts for the Democrat impeachment fantasy:\n\n- Call transcript shows zero link between aid and political\xe2\x80\xa6'
1194655022702829568,2019-11-13 16:35:27,"b""RT @GOPoversight: .@RepAdamSchiff's sham #impeachment hearings begin today. \n\nBut make no mistake, Democrats have been out to get the Presi\xe2\x80\xa6"""
1194648339071016961,2019-11-13 16:08:54,b'RT @WhiteHouse: New hoax. Same swamp. https://t.co/6byw3BVxFR'
1194608581590564865,2019-11-13 13:30:55,b'READ THE TRANSCRIPT!'
1194608482793795584,2019-11-13 13:30:31,b'NEVER TRUMPERS!'
1194605373573009408,2019-11-13 13:18:10,"b'....any laws or did anything wrong, and they have to move away from quid pro quo because there was no quid, and the\xe2\x80\xa6 https://t.co/mFAufTPQBZ'"
1194605364240670725,2019-11-13 13:18:08,"b'...the most powerful tool the legislative branch has, Impeachment, &amp; they\xe2\x80\x99ve turned it into a political cudgel, whi\xe2\x80\xa6 https://t.co/KBxjfaCgoE'"
1194605354484715520,2019-11-13 13:18:05,b'\xe2\x80\x9cNancy Pelosi cares more about power than she does about principle. She did not want to go down this road. She real\xe2\x80\xa6 https://t.co/TsEw7G2SiO'
1194588645673619457,2019-11-13 12:11:42,b'The Democrats have stacked the deck against President Trump and the Republicans. They have leaked out everything. @SteveDoocy @foxandfriends'
1194586470050349056,2019-11-13 12:03:03,"b'\xe2\x80\x9cMillions of Americans will see what a partisan sham this whole thing is.\xe2\x80\x9d Rush Limbaugh @foxandfriends  Also, why\xe2\x80\xa6 https://t.co/M291UJuFJv'"
1194460081619963904,2019-11-13 03:40:50,b'RT @DanScavino: https://t.co/BwfxXfm983'
